id;created_by;created_date;updated_by;update_date
1;Plaza;2021-09-02T16:58:53;2021-09-02T07:53:38;2021-09-02T09:48:19
2;HTTP;2021-09-01T23:54:26;2021-09-02T15:44:02;2021-09-02T11:31:47
3;withdrawal digital;2021-09-02T18:10:59;2021-09-02T02:54:46;2021-09-02T15:21:17
4;transition;2021-09-02T02:53:34;2021-09-02T16:39:45;2021-09-02T08:42:41
5;Soap;2021-09-02T19:25:29;2021-09-02T00:20:00;2021-09-02T11:02:33
6;Future Stream;2021-09-02T18:56:25;2021-09-02T06:04:02;2021-09-02T00:35:40
7;Buckinghamshire;2021-09-02T12:43:59;2021-09-02T18:55:18;2021-09-02T05:55:24
8;Alaska;2021-09-02T17:45:22;2021-09-02T05:31:32;2021-09-01T23:47:21
9;navigating Awesome;2021-09-02T08:42:39;2021-09-02T17:37:36;2021-09-02T13:52:43
10;copy Customer;2021-09-02T04:38:31;2021-09-02T05:48:35;2021-09-02T02:33:22
